<?xml version="1.0" encoding="UTF-8"?>
<root>
  <item name="com.afollestad.materialdialogs.MaterialDialog void setActionButton(com.afollestad.materialdialogs.DialogAction, int) 1">
    <annotation name="android.support.annotation.StringRes" />
  </item>
  <item name="com.afollestad.materialdialogs.MaterialDialog.Builder com.afollestad.materialdialogs.MaterialDialog.Builder content(int) 0">
    <annotation name="android.support.annotation.StringRes" />
  </item>
  <item name="com.afollestad.materialdialogs.MaterialDialog.Builder com.afollestad.materialdialogs.MaterialDialog.Builder content(int, java.lang.Object[]) 0">
    <annotation name="android.support.annotation.StringRes" />
  </item>
  <item name="com.afollestad.materialdialogs.MaterialDialog.Builder com.afollestad.materialdialogs.MaterialDialog.Builder customView(int) 0">
    <annotation name="android.support.annotation.LayoutRes" />
  </item>
  <item name="com.afollestad.materialdialogs.MaterialDialog.Builder com.afollestad.materialdialogs.MaterialDialog.Builder items(int) 0">
    <annotation name="android.support.annotation.ArrayRes" />
  </item>
  <item name="com.afollestad.materialdialogs.MaterialDialog.Builder com.afollestad.materialdialogs.MaterialDialog.Builder negativeColorRes(int) 0">
    <annotation name="android.support.annotation.ColorRes" />
  </item>
  <item name="com.afollestad.materialdialogs.MaterialDialog.Builder com.afollestad.materialdialogs.MaterialDialog.Builder negativeText(int) 0">
    <annotation name="android.support.annotation.StringRes" />
  </item>
  <item name="com.afollestad.materialdialogs.MaterialDialog.Builder com.afollestad.materialdialogs.MaterialDialog.Builder neutralColorRes(int) 0">
    <annotation name="android.support.annotation.ColorRes" />
  </item>
  <item name="com.afollestad.materialdialogs.MaterialDialog.Builder com.afollestad.materialdialogs.MaterialDialog.Builder neutralText(int) 0">
    <annotation name="android.support.annotation.StringRes" />
  </item>
  <item name="com.afollestad.materialdialogs.MaterialDialog.Builder com.afollestad.materialdialogs.MaterialDialog.Builder positiveColorRes(int) 0">
    <annotation name="android.support.annotation.ColorRes" />
  </item>
  <item name="com.afollestad.materialdialogs.MaterialDialog.Builder com.afollestad.materialdialogs.MaterialDialog.Builder positiveText(int) 0">
    <annotation name="android.support.annotation.StringRes" />
  </item>
  <item name="com.afollestad.materialdialogs.MaterialDialog.Builder com.afollestad.materialdialogs.MaterialDialog.Builder title(int) 0">
    <annotation name="android.support.annotation.StringRes" />
  </item>
  <item name="com.afollestad.materialdialogs.MaterialDialog.Builder com.afollestad.materialdialogs.MaterialDialog.Builder titleColorRes(int) 0">
    <annotation name="android.support.annotation.ColorRes" />
  </item>
</root>

