<?xml version="1.0" encoding="UTF-8"?>
<root>
  <item name="com.greenfrvr.hashtagview.HashtagView void setEllipsize(int) 0">
    <annotation name="android.support.annotation.IntDef">
      <val name="value" val="{com.greenfrvr.hashtagview.HashtagView.ELLIPSIZE_START, com.greenfrvr.hashtagview.HashtagView.ELLIPSIZE_MIDDLE, com.greenfrvr.hashtagview.HashtagView.ELLIPSIZE_END, com.greenfrvr.hashtagview.HashtagView.ELLIPSIZE_MARQUEE}" />
    </annotation>
  </item>
  <item name="com.greenfrvr.hashtagview.HashtagView void setRowDistribution(int) 0">
    <annotation name="android.support.annotation.IntDef">
      <val name="value" val="{com.greenfrvr.hashtagview.HashtagView.DISTRIBUTION_LEFT, com.greenfrvr.hashtagview.HashtagView.DISTRIBUTION_MIDDLE, com.greenfrvr.hashtagview.HashtagView.DISTRIBUTION_RIGHT, com.greenfrvr.hashtagview.HashtagView.DISTRIBUTION_RANDOM}" />
    </annotation>
  </item>
  <item name="com.greenfrvr.hashtagview.HashtagView void setRowGravity(int) 0">
    <annotation name="android.support.annotation.IntDef">
      <val name="value" val="{com.greenfrvr.hashtagview.HashtagView.GRAVITY_LEFT, com.greenfrvr.hashtagview.HashtagView.GRAVITY_CENTER, com.greenfrvr.hashtagview.HashtagView.GRAVITY_RIGHT}" />
    </annotation>
  </item>
  <item name="com.greenfrvr.hashtagview.HashtagView void setRowMode(int) 0">
    <annotation name="android.support.annotation.IntDef">
      <val name="value" val="{com.greenfrvr.hashtagview.HashtagView.MODE_WRAP, com.greenfrvr.hashtagview.HashtagView.MODE_STRETCH, com.greenfrvr.hashtagview.HashtagView.MODE_EQUAL}" />
    </annotation>
  </item>
</root>

